insert into users values ("keerthan","keerthan");
insert into users values ("prashanth","prashanth");

insert into hotels values('swagath','hitech-city');
insert into hotels values('ohris','hitech-city');
insert into hotels values('flechazo','hitech-city');
insert into hotels values('kfc','gachibowli');
insert into hotels values('mcdonalds','gachibowli');

insert into items values (1,'swagath','soup',30);
insert into items values (2,'swagath','manchuria',40);
insert into items values (3,'swagath','biryani',100);
insert into items values (4,'swagath','ice-cream',60);
insert into items values (11,'flechazo','cool-drink',20);
insert into items values (12,'flechazo','cake',50);
insert into items values (13,'flechazo','milkshake',90);
insert into items values (21,'ohris','pizza',20);
insert into items values (22,'ohris','noodles',80);
insert into items values (23,'ohris','desert',60);
insert into items values (31,'kfc','cool-drink',70);
insert into items values (32,'kfc','bucket',50);
insert into items values (33,'kfc','krushers',90);
insert into items values (41,'mcdonalds','fries',60);
insert into items values (42,'mcdonalds','burger',50);
insert into items values (43,'mcdonalds','softie',20);

insert into reviews (hname,rating,review,uname) values  ('swagath',5,'wow','GOWTHAM');
insert into reviews (hname,rating,review,uname) values  ('kfc',4,'okayish','GOWTHAM');
insert into reviews (hname,rating,review,uname) values  ('ohris',3,'average','GOWTHAM');
insert into reviews (hname,rating,review,uname) values  ('mcdonalds',2,'bad','GOWTHAM');
insert into reviews (hname,rating,review,uname) values  ('flechazo',1,'poor','GOWTHAM');


